{
  "metadata": {
    "n_iterations": 10000,
    "n_documents": 1752,
    "min_docs_threshold": 5,
    "date_run": "2026-02-25",
    "n_platforms": 11,
    "n_valid_platforms": 11
  },
  "real_ranking": [
    "WhatsApp",
    "Twitter",
    "Instagram",
    "YouTube",
    "TikTok",
    "Discord",
    "Pinterest",
    "Reddit",
    "Meta",
    "LinkedIn",
    "Google"
  ],
  "real_means": {
    "Meta": -0.09227629427792913,
    "Twitter": 0.2039641791044776,
    "Instagram": 0.17121739130434782,
    "LinkedIn": -0.14220245398773007,
    "TikTok": 0.11292340425531913,
    "Pinterest": -0.028001435406698565,
    "Reddit": -0.07544117647058826,
    "YouTube": 0.1636983606557377,
    "Google": -0.2243712962962963,
    "WhatsApp": 0.2562915662650603,
    "Discord": 0.10343879310344828
  },
  "rank_confidence_intervals": {
    "Meta": {
      "mean_rank": 8.7172,
      "median_rank": 9.0,
      "ci_lower": 7.0,
      "ci_upper": 10.0,
      "n_docs": 367,
      "mean_combined_index": -0.09227629427792913,
      "ci_mean_lower": -0.14897758855585833,
      "ci_mean_upper": -0.031087622615803844
    },
    "Twitter": {
      "mean_rank": 2.5797,
      "median_rank": 2.0,
      "ci_lower": 1.0,
      "ci_upper": 5.0,
      "n_docs": 134,
      "mean_combined_index": 0.2039641791044776,
      "ci_mean_lower": 0.10328839552238808,
      "ci_mean_upper": 0.3055475559701492
    },
    "Instagram": {
      "mean_rank": 3.4083,
      "median_rank": 3.0,
      "ci_lower": 1.0,
      "ci_upper": 6.0,
      "n_docs": 46,
      "mean_combined_index": 0.17121739130434782,
      "ci_mean_lower": 0.07120239130434784,
      "ci_mean_upper": 0.2840103804347826
    },
    "LinkedIn": {
      "mean_rank": 9.9152,
      "median_rank": 10.0,
      "ci_lower": 9.0,
      "ci_upper": 10.0,
      "n_docs": 163,
      "mean_combined_index": -0.14220245398773007,
      "ci_mean_lower": -0.1784780061349693,
      "ci_mean_upper": -0.10465420245398775
    },
    "TikTok": {
      "mean_rank": 4.9847,
      "median_rank": 5.0,
      "ci_lower": 3.0,
      "ci_upper": 6.0,
      "n_docs": 94,
      "mean_combined_index": 0.11292340425531913,
      "ci_mean_lower": 0.047028031914893645,
      "ci_mean_upper": 0.1803337499999999
    },
    "Pinterest": {
      "mean_rank": 7.0409,
      "median_rank": 7.0,
      "ci_lower": 6.0,
      "ci_upper": 8.0,
      "n_docs": 209,
      "mean_combined_index": -0.028001435406698565,
      "ci_mean_lower": -0.06475001196172249,
      "ci_mean_upper": 0.008750430622009541
    },
    "Reddit": {
      "mean_rank": 8.2767,
      "median_rank": 8.0,
      "ci_lower": 7.0,
      "ci_upper": 9.0,
      "n_docs": 119,
      "mean_combined_index": -0.07544117647058826,
      "ci_mean_lower": -0.11360794117647059,
      "ci_mean_upper": -0.03547705882352942
    },
    "YouTube": {
      "mean_rank": 3.5887,
      "median_rank": 4.0,
      "ci_lower": 1.0,
      "ci_upper": 6.0,
      "n_docs": 122,
      "mean_combined_index": 0.1636983606557377,
      "ci_mean_lower": 0.07386540983606557,
      "ci_mean_upper": 0.25819684426229506
    },
    "Google": {
      "mean_rank": 10.9999,
      "median_rank": 11.0,
      "ci_lower": 11.0,
      "ci_upper": 11.0,
      "n_docs": 216,
      "mean_combined_index": -0.2243712962962963,
      "ci_mean_lower": -0.2462016087962963,
      "ci_mean_upper": -0.20234031250000004
    },
    "WhatsApp": {
      "mean_rank": 1.5332,
      "median_rank": 1.0,
      "ci_lower": 1.0,
      "ci_upper": 4.0,
      "n_docs": 166,
      "mean_combined_index": 0.2562915662650603,
      "ci_mean_lower": 0.1611575903614458,
      "ci_mean_upper": 0.3725598192771084
    },
    "Discord": {
      "mean_rank": 4.9555,
      "median_rank": 6.0,
      "ci_lower": 1.0,
      "ci_upper": 7.0,
      "n_docs": 116,
      "mean_combined_index": 0.10343879310344828,
      "ci_mean_lower": -0.03657047413793103,
      "ci_mean_upper": 0.26196829741379307
    }
  },
  "rank_reversal_probability": {
    "Meta": {
      "Meta": 0.0,
      "Twitter": 1.0,
      "Instagram": 1.0,
      "LinkedIn": 0.0778,
      "TikTok": 1.0,
      "Pinterest": 0.9618,
      "Reddit": 0.6823,
      "YouTube": 1.0,
      "Google": 0.0,
      "WhatsApp": 1.0,
      "Discord": 0.9953
    },
    "Twitter": {
      "Meta": 0.0,
      "Twitter": 0.0,
      "Instagram": 0.3313,
      "LinkedIn": 0.0,
      "TikTok": 0.0725,
      "Pinterest": 0.0,
      "Reddit": 0.0,
      "YouTube": 0.284,
      "Google": 0.0,
      "WhatsApp": 0.7599,
      "Discord": 0.132
    },
    "Instagram": {
      "Meta": 0.0,
      "Twitter": 0.6687,
      "Instagram": 0.0,
      "LinkedIn": 0.0,
      "TikTok": 0.1835,
      "Pinterest": 0.0,
      "Reddit": 0.0,
      "YouTube": 0.4617,
      "Google": 0.0,
      "WhatsApp": 0.8644,
      "Discord": 0.23
    },
    "LinkedIn": {
      "Meta": 0.9222,
      "Twitter": 1.0,
      "Instagram": 1.0,
      "LinkedIn": 0.0,
      "TikTok": 1.0,
      "Pinterest": 1.0,
      "Reddit": 0.9929,
      "YouTube": 1.0,
      "Google": 0.0001,
      "WhatsApp": 1.0,
      "Discord": 1.0
    },
    "TikTok": {
      "Meta": 0.0,
      "Twitter": 0.9275,
      "Instagram": 0.8165,
      "LinkedIn": 0.0,
      "TikTok": 0.0,
      "Pinterest": 0.0001,
      "Reddit": 0.0,
      "YouTube": 0.8108,
      "Google": 0.0,
      "WhatsApp": 0.9915,
      "Discord": 0.4383
    },
    "Pinterest": {
      "Meta": 0.0382,
      "Twitter": 1.0,
      "Instagram": 1.0,
      "LinkedIn": 0.0,
      "TikTok": 0.9999,
      "Pinterest": 0.0,
      "Reddit": 0.0422,
      "YouTube": 0.9999,
      "Google": 0.0,
      "WhatsApp": 1.0,
      "Discord": 0.9607
    },
    "Reddit": {
      "Meta": 0.3177,
      "Twitter": 1.0,
      "Instagram": 1.0,
      "LinkedIn": 0.0071,
      "TikTok": 1.0,
      "Pinterest": 0.9578,
      "Reddit": 0.0,
      "YouTube": 1.0,
      "Google": 0.0,
      "WhatsApp": 1.0,
      "Discord": 0.9941
    },
    "YouTube": {
      "Meta": 0.0,
      "Twitter": 0.716,
      "Instagram": 0.5383,
      "LinkedIn": 0.0,
      "TikTok": 0.1892,
      "Pinterest": 0.0001,
      "Reddit": 0.0,
      "YouTube": 0.0,
      "Google": 0.0,
      "WhatsApp": 0.9035,
      "Discord": 0.2416
    },
    "Google": {
      "Meta": 1.0,
      "Twitter": 1.0,
      "Instagram": 1.0,
      "LinkedIn": 0.9999,
      "TikTok": 1.0,
      "Pinterest": 1.0,
      "Reddit": 1.0,
      "YouTube": 1.0,
      "Google": 0.0,
      "WhatsApp": 1.0,
      "Discord": 1.0
    },
    "WhatsApp": {
      "Meta": 0.0,
      "Twitter": 0.2401,
      "Instagram": 0.1356,
      "LinkedIn": 0.0,
      "TikTok": 0.0085,
      "Pinterest": 0.0,
      "Reddit": 0.0,
      "YouTube": 0.0965,
      "Google": 0.0,
      "WhatsApp": 0.0,
      "Discord": 0.0525
    },
    "Discord": {
      "Meta": 0.0047,
      "Twitter": 0.868,
      "Instagram": 0.77,
      "LinkedIn": 0.0,
      "TikTok": 0.5617,
      "Pinterest": 0.0393,
      "Reddit": 0.0059,
      "YouTube": 0.7584,
      "Google": 0.0,
      "WhatsApp": 0.9475,
      "Discord": 0.0
    }
  },
  "insufficient_data_platforms": []
}