{
  "metadata": {
    "cutoff": "2018-05-25",
    "se_type": "HC3",
    "primary_outcome": "combined_index",
    "n_total": 50
  },
  "treatment_sensitivity": {
    "15pct": {
      "treated_platforms": [
        "Google",
        "LinkedIn",
        "Meta",
        "YouTube"
      ],
      "n_treated": 28,
      "n_control": 22,
      "n_cells": {
        "treated_pre": 12,
        "treated_post": 16,
        "control_pre": 10,
        "control_post": 12
      },
      "combined_index_did": {
        "coefficients": {
          "intercept": 2.041725,
          "post": -1.929868,
          "treated": -0.371325,
          "did_effect": 0.49064,
          "year_2008": -1.781125,
          "year_2009": -1.838025,
          "year_2010": -1.884925,
          "year_2011": -1.523525,
          "year_2012": -1.650412,
          "year_2013": -1.986567,
          "year_2014": -1.5651,
          "year_2015": -1.8089,
          "year_2016": -1.766537,
          "year_2017": -1.936725,
          "year_2018": -0.527372,
          "year_2019": -0.362772,
          "year_2020": -0.463165,
          "year_2021": -0.435889,
          "year_2024": -0.00214,
          "year_2025": -0.138529
        },
        "se_hc3": {
          "intercept": 0.196247,
          "post": 12380681.139839,
          "treated": 0.196247,
          "did_effect": 0.359745,
          "year_2008": 0.196247,
          "year_2009": 0.196247,
          "year_2010": 0.196776,
          "year_2011": 0.196247,
          "year_2012": 0.211151,
          "year_2013": 0.15453,
          "year_2014": 0.36317,
          "year_2015": 0.243952,
          "year_2016": 0.113398,
          "year_2017": 0.196247,
          "year_2018": 7708068.696454,
          "year_2019": 12129905.765324,
          "year_2020": 6205105.450225,
          "year_2021": 8965393.779206,
          "year_2024": 1657379.59266,
          "year_2025": NaN
        },
        "t_statistics": {
          "intercept": 10.4039,
          "post": -0.0,
          "treated": -1.8921,
          "did_effect": 1.3639,
          "year_2008": -9.0759,
          "year_2009": -9.3659,
          "year_2010": -9.579,
          "year_2011": -7.7633,
          "year_2012": -7.8163,
          "year_2013": -12.8556,
          "year_2014": -4.3096,
          "year_2015": -7.415,
          "year_2016": -15.5782,
          "year_2017": -9.8688,
          "year_2018": -0.0,
          "year_2019": -0.0,
          "year_2020": -0.0,
          "year_2021": -0.0,
          "year_2024": -0.0,
          "year_2025": NaN
        },
        "p_values": {
          "intercept": 0.0,
          "post": 1.0,
          "treated": 0.0682,
          "did_effect": 0.1828,
          "year_2008": 0.0,
          "year_2009": 0.0,
          "year_2010": 0.0,
          "year_2011": 0.0,
          "year_2012": 0.0,
          "year_2013": 0.0,
          "year_2014": 0.0002,
          "year_2015": 0.0,
          "year_2016": 0.0,
          "year_2017": 0.0,
          "year_2018": 1.0,
          "year_2019": 1.0,
          "year_2020": 1.0,
          "year_2021": 1.0,
          "year_2024": 1.0,
          "year_2025": NaN
        },
        "r_squared": 0.4156,
        "n": 50,
        "k": 20,
        "df": 30
      },
      "legalization_index_did": {
        "did_effect": -0.372908,
        "p_value": 0.7193
      },
      "power_analysis": {
        "mde_80pct_power": 0.7756,
        "current_sigma": 0.4825,
        "cell_sizes": "treated_pre=12, treated_post=16, control_pre=10, control_post=12",
        "note": "DiD MDE at 80% power = 0.7756 SD (uses 4-cell variance, not balanced assumption)"
      }
    },
    "20pct": {
      "treated_platforms": [
        "Google",
        "LinkedIn",
        "Meta"
      ],
      "n_treated": 20,
      "n_control": 30,
      "n_cells": {
        "treated_pre": 11,
        "treated_post": 9,
        "control_pre": 11,
        "control_post": 19
      },
      "combined_index_did": {
        "coefficients": {
          "intercept": 2.075314,
          "post": -1.847421,
          "treated": -0.404914,
          "did_effect": 0.271609,
          "year_2008": -1.814714,
          "year_2009": -1.871614,
          "year_2010": -1.918514,
          "year_2011": -1.557114,
          "year_2012": -1.768436,
          "year_2013": -1.986567,
          "year_2014": -1.5651,
          "year_2015": -1.8089,
          "year_2016": -1.783332,
          "year_2017": -1.970314,
          "year_2018": -0.524093,
          "year_2019": -0.270623,
          "year_2020": -0.452891,
          "year_2021": -0.37649,
          "year_2024": -0.008529,
          "year_2025": -0.214793
        },
        "se_hc3": {
          "intercept": 0.249308,
          "post": NaN,
          "treated": 0.249308,
          "did_effect": 0.331011,
          "year_2008": 0.249308,
          "year_2009": 0.249308,
          "year_2010": 0.249725,
          "year_2011": 0.249308,
          "year_2012": 0.271455,
          "year_2013": 0.15453,
          "year_2014": 0.36317,
          "year_2015": 0.243952,
          "year_2016": 0.135657,
          "year_2017": 0.249308,
          "year_2018": NaN,
          "year_2019": NaN,
          "year_2020": NaN,
          "year_2021": NaN,
          "year_2024": NaN,
          "year_2025": NaN
        },
        "t_statistics": {
          "intercept": 8.3243,
          "post": NaN,
          "treated": -1.6242,
          "did_effect": 0.8205,
          "year_2008": -7.279,
          "year_2009": -7.5072,
          "year_2010": -7.6825,
          "year_2011": -6.2458,
          "year_2012": -6.5146,
          "year_2013": -12.8556,
          "year_2014": -4.3096,
          "year_2015": -7.415,
          "year_2016": -13.1459,
          "year_2017": -7.9031,
          "year_2018": NaN,
          "year_2019": NaN,
          "year_2020": NaN,
          "year_2021": NaN,
          "year_2024": NaN,
          "year_2025": NaN
        },
        "p_values": {
          "intercept": 0.0,
          "post": NaN,
          "treated": 0.1148,
          "did_effect": 0.4184,
          "year_2008": 0.0,
          "year_2009": 0.0,
          "year_2010": 0.0,
          "year_2011": 0.0,
          "year_2012": 0.0,
          "year_2013": 0.0,
          "year_2014": 0.0002,
          "year_2015": 0.0,
          "year_2016": 0.0,
          "year_2017": 0.0,
          "year_2018": NaN,
          "year_2019": NaN,
          "year_2020": NaN,
          "year_2021": NaN,
          "year_2024": NaN,
          "year_2025": NaN
        },
        "r_squared": 0.4165,
        "n": 50,
        "k": 20,
        "df": 30
      },
      "legalization_index_did": {
        "did_effect": -0.133617,
        "p_value": 0.8963
      },
      "power_analysis": {
        "mde_80pct_power": 0.7947,
        "current_sigma": 0.4825,
        "cell_sizes": "treated_pre=11, treated_post=9, control_pre=11, control_post=19",
        "note": "DiD MDE at 80% power = 0.7947 SD (uses 4-cell variance, not balanced assumption)"
      }
    },
    "25pct": {
      "treated_platforms": [
        "Google",
        "Meta"
      ],
      "n_treated": 12,
      "n_control": 38,
      "n_cells": {
        "treated_pre": 5,
        "treated_post": 7,
        "control_pre": 17,
        "control_post": 21
      },
      "combined_index_did": {
        "coefficients": {
          "intercept": 2.117748,
          "post": -1.925871,
          "treated": -0.447348,
          "did_effect": 0.452134,
          "year_2008": -1.857148,
          "year_2009": -1.914048,
          "year_2010": -1.960948,
          "year_2011": -1.599548,
          "year_2012": -1.800261,
          "year_2013": -2.135683,
          "year_2014": -2.012448,
          "year_2015": -2.032574,
          "year_2016": -2.028223,
          "year_2017": -2.012748,
          "year_2018": -0.488077,
          "year_2019": -0.326668,
          "year_2020": -0.48592,
          "year_2021": -0.423329,
          "year_2024": -0.0231,