{
  "Discord": {
    "events": {
      "CPRA Effective": {
        "pre_trend": {
          "slope_per_year": -0.035096,
          "r_squared": 0.328519,
          "p_value": 0.13748731649957355,
          "std_err": 5.6082472437204845e-05,
          "n_points": 8,
          "is_significant": false
        },
        "post_trend": {
          "slope_per_year": -0.038837,
          "r_squared": 0.302954,
          "p_value": 0.3363911166532591,
          "std_err": 9.311808081912079e-05,
          "n_points": 5,
          "is_significant": false
        },
        "slope_change": -0.003741,
        "level_change": 0.119,
        "pre_significant": false,
        "post_significant": false
      },
      "DSA Effective": {
        "pre_trend": {
          "slope_per_year": -0.015873,
          "r_squared": 0.134376,
          "p_value": 0.29746531996678055,
          "std_err": 3.899773376035251e-05,
          "n_points": 10,
          "is_significant": false
        },
        "post_trend": {
          "slope_per_year": -0.154438,
          "r_squared": 0.991556,
          "p_value": 0.05858366018025619,
          "std_err": 3.902015562672402e-05,
          "n_points": 3,
          "is_significant": false
        },
        "slope_change": -0.138565,
        "level_change": 0.151,
        "pre_significant": false,
        "post_significant": false
      }
    }
  },
  "Instagram": {
    "events": {
      "CCPA Effective": {
        "pre_trend": {
          "slope_per_year": -0.048093,
          "r_squared": 0.407692,
          "p_value": 0.3614927543700702,
          "std_err": 0.00011222350627535683,
          "n_points": 4,
          "is_significant": false
        },
        "post_trend": {
          "slope_per_year": -0.061003,
          "r_squared": 0.525863,
          "p_value": 0.005033197185186847,
          "std_err": 4.7816817246783075e-05,
          "n_points": 13,
          "is_significant": true
        },
        "slope_change": -0.01291,
        "level_change": 0.078,
        "pre_significant": false,
        "post_significant": true
      },
      "CPRA Effective": {
        "pre_trend": {
          "slope_per_year": -0.061983,
          "r_squared": 0.397208,
          "p_value": 0.05078770161577487,
          "std_err": 7.391200686800025e-05,
          "n_points": 10,
          "is_significant": false
        },
        "post_trend": {
          "slope_per_year": -0.008397,
          "r_squared": 0.750158,
          "p_value": 0.011705493391793288,
          "std_err": 5.933596550144095e-06,
          "n_points": 7,
          "is_significant": true
        },
        "slope_change": 0.053586,
        "level_change": -0.015,
        "pre_significant": false,
        "post_significant": true
      },
      "DSA Effective": {
        "pre_trend": {
          "slope_per_year": -0.059392,
          "r_squared": 0.510138,
          "p_value": 0.009066062279110347,
          "std_err": 5.038825133744645e-05,
          "n_points": 12,
          "is_significant": true
        },
        "post_trend": {
          "slope_per_year": -0.014627,
          "r_squared": 0.838405,
          "p_value": 0.029035503807526012,
          "std_err": 1.0150716784760997e-05,
          "n_points": 5,
          "is_significant": true
        },
        "slope_change": 0.044765,
        "level_change": 0.04,
        "pre_significant": true,
        "post_significant": true
      }
    }
  },
  "LinkedIn": {
    "events": {
      "GDPR Announced": {
        "pre_trend": {
          "slope_per_year": 0.033201,
          "r_squared": 0.147157,
          "p_value": 0.5238313656000853,
          "std_err": 0.0001263417955340363,
          "n_points": 5,
          "is_significant": false
        },
        "post_trend": {
          "slope_per_year": -0.026255,
          "r_squared": 0.514973,
          "p_value": 0.4904667064955056,
          "std_err": 6.975972158651284e-05,
          "n_points": 3,
          "is_significant": false
        },
        "slope_change": -0.059456,
        "level_change": 0.011,
        "pre_significant": false,
        "post_significant": false
      }
    }
  },
  "Meta": {
    "events": {
      "GDPR Announced": {
        "pre_trend": {
          "slope_per_year": 0.071332,
          "r_squared": 0.009194,
          "p_value": 0.8781052105053404,
          "std_err": 0.0011705419298864929,
          "n_points": 5,
          "is_significant": false
        },
        "post_trend": {
          "slope_per_year": -0.260264,
          "r_squared": 0.225822,
          "p_value": 0.28117765257388244,
          "std_err": 0.000590032227981831,
          "n_points": 7,
          "is_significant": false
        },
        "slope_change": -0.331596,
        "level_change": 0.931,
        "pre_significant": false,
        "post_significant": false
      },
      "GDPR Effective": {
        "pre_trend": {
          "slope_per_year": 0.071332,
          "r_squared": 0.009194,
          "p_value": 0.8781052105053404,
          "std_err": 0.0011705419298864929,
          "n_points": 5,
          "is_significant": false
        },
        "post_trend": {
          "slope_per_year": -0.260264,
          "r_squared": 0.225822,
          "p_value": 0.28117765257388244,
          "std_err": 0.000590032227981831,
          "n_points": 7,
          "is_significant": false
        },
        "slope_change": -0.331596,
        "level_change": 0.231,
        "pre_significant": false,
        "post_significant": false
      },
      "CCPA Signed": {
        "pre_trend": {
          "slope_per_year": 0.071332,
          "r_squared": 0.009194,
          "p_value": 0.8781052105053404,
          "std_err": 0.0011705419298864929,
          "n_points": 5,
          "is_significant": false
        },
        "post_trend": {
          "slope_per_year": -0.260264,
          "r_squared": 0.225822,
          "p_value": 0.28117765257388244,
          "std_err": 0.000590032227981831,
          "n_points": 7,
          "is_significant": false
        },
        "slope_change": -0.331596,
        "level_change": 0.2,
        "pre_significant": false,
        "post_significant": false
      },
      "CCPA Effective": {
        "pre_trend": {
          "slope_per_year": 0.040519,
          "r_squared": 0.009784,
          "p_value": 0.8329011008245653,
          "std_err": 0.0004991131366421889,
          "n_points": 7,
          "is_significant": false
        },
        "post_trend": {
          "slope_per_year": -0.381423,
          "r_squared": 0.268985,
          "p_value": 0.3705816084185677,
          "std_err": 0.0009939304858708655,
          "n_points": 5,
          "is_significant": false
        },
        "slope_change": -0.421942,
        "level_change": 0.262,
        "pre_significant": false,
        "post_significant": false
      }
    }
  },
  "Pinterest": {
    "events": {
      "GDPR Effective": {
        "pre_trend": {
          "slope_per_year": -0.121681,
          "r_squared": 0.621308,
          "p_value": 0.2117693301176628,
          "std_err": 0.00018391105646237856,
          "n_points": 4,
          "is_significant": false
        },
        "post_trend": {
          "slope_per_year": 0.007538,
          "r_squared": 0.065932,
          "p_value": 0.3370554767219873,
          "std_err": 2.0761746995206342e-05,
          "n_points": 16,
          "is_significant": false
        },
        "slope_change": 0.129219,
        "level_change": -0.037,
        "pre_significant": false,
        "post_significant": false
      },
      "CCPA Signed": {
        "pre_trend": {
          "slope_per_year": -0.121681,
          "r_squared": 0.621308,
          "p_value": 0.2117693301176628,
          "std_err": 0.00018391105646237856,
          "n_points": 4,
          "is_significant": false
        },
        "post_trend": {
          "slope_per_year": 0.007538,
          "r_squared": 0.065932,
          "p_value": 0.3370554767219873,